"PayZen - Standard payment","PayZen - Paiement standard"
"PayZen - Payment in installments","PayZen - Paiement en plusieurs fois"
"PayZen - Gift card payment","PayZen - Paiement par carte cadeau"
"PayZen - FacilyPay Oney payment (Deprecated)","PayZen - Paiement FacilyPay Oney (Déprécié)"
"PayZen - Payment in 3 or 4 times Oney","PayZen - Paiement en 3 ou 4 fois Oney"
"PayZen - Full CB payment","PayZen - Paiement Full CB"
"PayZen - SEPA payment","PayZen - Paiement SEPA"
"PayZen - PayPal payment","PayZen - Paiement PayPal"
"PayZen - Sofort Banking payment","PayZen - Paiement Sofort Banking"
"PayZen - PostFinance payment","PayZen - Paiement PostFinance"
"PayZen - Giropay payment","PayZen - Paiement Giropay"
"PayZen - iDEAL payment","PayZen - Paiement iDEAL"
"PayZen - Choozeo payment","PayZen - Paiement Choozeo"
"PayZen - Other payment means","PayZen - Autres moyens de paiement"
"MODULE INFORMATION","INFORMATIONS SUR LE MODULE"
"Developed by","Développé par"
"Contact us","Courriel de contact"
"Module version","Version du module"
"Gateway version","Version de la plateforme"
"Reset the module","Réinitialiser le module"
"Click this button to remove all previous versions settings and/or reset the current module settings.","Cliquer sur ce bouton pour supprimer toutes les configurations précédentes et/ou réinitialiser les paramètres actuels du module."
"Reset","Réinitialiser"
"Logs","Logs"
"Enable / disable module logs.","Activer / désactiver les logs pour ce module."
"PAYMENT GATEWAY ACCESS","ACCÈS À LA PLATEFORME"
"Store identifier","Identifiant de la boutique"
"The identifier provided by PayZen.","Identifiant fourni par PayZen."
"Key in test mode","Clé en mode test"
"Key provided by PayZen for test mode (available in PayZen Back Office).","Clé fournie par PayZen pour le mode test (disponible sur le Back Office PayZen)."
"Key in production mode","Clé en mode production"
"Key provided by PayZen (available in PayZen Back Office after enabling production mode).","Clé fournie par PayZen (disponible sur le Back Office PayZen après passage en production)."
"Mode","Mode"
"The context mode of this module.","Mode de fonctionnement du module."
"Signature algorithm","Algorithme de signature"
"Algorithm used to compute the payment form signature. Selected algorithm must be the same as one configured in the PayZen Back Office.<br /><b>The HMAC-SHA-256 algorithm should not be activated if it is not yet available in the PayZen Back Office, the feature will be available soon.</b>","Algorithme utilisé pour calculer la signature du formulaire de paiement. L'algorithme sélectionné doit être le même que celui configuré sur le Back Office PayZen. <br /><b>Le HMAC-SHA-256 ne doit pas être activé si celui-ci n'est pas encore disponible depuis le Back Office PayZen, la fonctionnalité sera disponible prochainement.</b>"
"Payment page URL","URL de la page de paiement"
"Link to the payment page.","URL vers laquelle l'acheteur sera redirigé pour le paiement."
"Instant Payment Notification URL","URL de notification"
"URL to copy into your PayZen Back Office > Settings > Notification rules.<br />In multistore mode, notification URL is the same for all the stores.","URL à copier dans le Back Office PayZen > Paramétrage > Règles de notifications.<br />En mode multi-boutique, l'URL de notification est la même pour toutes les boutiques."
"REST API KEYS","CLÉS D'API REST"
"Configure this section if you are using order operations from Magento Back Office or if you are using &laquo; Embedded payment fields &raquo; mode. <br />REST API keys are available in your PayZen Back Office (menu: Settings > Shops > REST API keys).","Configurez cette section si vous utilisez les opérations sur les commandes depuis le Back Office Magento ou si vous utilisez le mode &laquo; Champs de paiement embarqués &raquo;. <br/>Les clés de l'API REST sont disponibles dans votre Back Office PayZen (menu: Paramétrage > Boutiques > Clés d'API REST)."
"Test password","Mot de passe de test"
"Production password","Mot de passe de production"
"Public test key","Clé publique de test"
"Public production key","Clé publique de production"
"HMAC-SHA-256 test key","Clé HMAC-SHA-256 de test"
"HMAC-SHA-256 production key","Clé HMAC-SHA-256 de production"
"REST API Notification URL","URL de notification de l'API REST"
"REST API server URL","URL du serveur de l'API REST"
"JavaScript client URL","URL du client JavaScript"
"PAYMENT PAGE","PAGE DE PAIEMENT"
"Default Language","Langue par défaut"
"Default language on the payment page.","Sélectionner la langue par défaut à utiliser sur la page de paiement."
"French","Français"
"German","Allemand"
"English","Anglais"
"Spanish","Espagnol"
"Chinese","Chinois"
"Italian","Italien"
"Japanese","Japonnais"
"Portuguese","Portugais"
"Dutch","Néerlandais"
"Swedish","Suédois"
"Russian","Russe"
"Polish","Polonais"
"Turkish","Turc"
"Available languages","Langues disponibles"
"Languages available on the payment page. If you do not select any, all the supported languages will be available.","Sélectionner les langues à proposer sur la page de paiement. Ne rien sélectionner pour utiliser la configuration de la plateforme."
"Capture delay","Délai avant remise en banque"
"The number of days before the bank capture (adjustable in your PayZen Back Office).","Le nombre de jours avant la remise en banque (paramétrable sur votre Back Office PayZen)."
"Validation mode","Mode de validation"
"If manual is selected, you will have to confirm payments manually in your PayZen Back Office.","En mode manuel, vous devrez confirmer les paiements dans le Back Office PayZen."
"PayZen general configuration","Configuration générale PayZen"
"PayZen Back Office configuration","Configuration Back Office PayZen"
"Automatic","Automatique"
"Manual","Manuelle"
"Card Types","Types de carte"
"The card type(s) that can be used for the payment. Select none to use gateway configuration.","Le(s) type(s) de carte pouvant être utilisé(s) pour le paiement. Ne rien sélectionner pour utiliser la configuration de la plateforme."
"ALL","TOUTES"
"Category mapping","Association des catégories"
"Use the same category for all products.","Utiliser la même catégorie pour tous les produits."
"(Use category mapping below)","(Utiliser les associations ci-dessous)"
"Food and grocery","Alimentation et épicerie"
"Automotive","Automobile"
"Entertainment","Loisirs"
"Home and garden","Maison et jardin"
"Home appliance","Electroménager"
"Auction and group buying","Enchères et achats groupés"
"Flowers and gifts","Fleurs et cadeaux"
"Computer and software","Informatique et logiciels"
"Health and beauty","Santé et beauté"
"Service for individual","Services à la personne"
"Service for business","Services aux entreprises"
"Sports","Sports"
"Clothing and accessories","Habillement et accessoires"
"Travel","Voyages"
"Home audio, photo, video","Audio, photo, vidéo domestiques"
"Telephony","Téléphonie"
"Magento category","Catégorie Magento"
"PayZen category","Catégorie PayZen"
"Match each product category with a PayZen category.<br /><b>Entries marked with * are newly added and must be configured.</b>","Faire la correspondance entre chaque catégorie produit et une catégorie PayZen.<br /><b>Les entrées marquées par * sont nouvelles et doivent être configurées.</b>"
"PAYMENT PAGE CUSTOMIZE","PERSONNALISATION DE LA PAGE DE PAIEMENT"
"Theme configuration","Configuration du thème"
"The theme configuration to customize the payment page.","Configuration du thème pour personnaliser la page de paiement."
"Shop name","Nom de la boutique"
"Shop name to display on the payment page. Leave blank to use gateway configuration.","Nom affiché sur la page de paiement. Laisser vide pour utiliser la configuration de la plateforme."
"Shop URL","URL de la boutique"
"Shop URL to display on the payment page. Leave blank to use gateway configuration.","URL affichée sur la page de paiement. Laisser vide pour utiliser la configuration de la plateforme."
"SELECTIVE 3DS","3DS SÉLECTIF"
"Disable 3DS by customer group","Désactiver 3DS par groupe de clients"
"Amount below which 3DS will be disabled for each customer group. Needs subscription to selective 3DS option. For more information, refer to the module documentation.","Montant en dessous duquel 3DS sera désactivé par groupe de clients. Nécessite la souscription à l'option 3DS sélectif. Pour plus d'informations, reportez-vous à la documentation du module."
"RETURN TO SHOP","RETOUR À LA BOUTIQUE"
"Automatic redirection","Redirection automatique"
"If enabled, the buyer is automatically redirected to your site at the end of the payment.","Si activée, l'acheteur sera redirigé automatiquement vers votre site à la fin du paiement."
"Redirection timeout on success","Temps avant redirection (succès)"
"Time in seconds (0-300) before the buyer is automatically redirected to your website after a successful payment.","Temps en secondes (0-300) avant que l'acheteur ne soit redirigé automatiquement vers votre site lorsque le paiement a réussi."
"Redirection message on success","Message avant redirection (succès)"
"Message displayed on the payment page prior to redirection after a successful payment.","Message affiché sur la page de paiement avant redirection lorsque le paiement a réussi."
"Redirection timeout on failure","Temps avant redirection (échec)"
"Time in seconds (0-300) before the buyer is automatically redirected to your website after a declined payment.","Temps en secondes (0-300) avant que l'acheteur ne soit redirigé automatiquement vers votre site lorsque le paiement a échoué."
"Redirection message on failure","Message avant redirection (échec)"
"Message displayed on the payment page prior to redirection after a declined payment.","Message affiché sur la page de paiement avant redirection, lorsque le paiement a échoué."
"Return mode","Mode de retour"
"Method that will be used for transmitting the payment result from the payment page to your shop.","Façon dont l'acheteur transmettra le résultat du paiement lors de son retour à la boutique."
"GET (parameters in the URL)","GET (paramètres dans l'URL)"
"POST (form)","POST (formulaire)"
"Registered orders status","Statut des commandes enregistrées"
"Status of orders when payment is successfull.","Statut des commandes dont le paiement a réussi."
"Invoice creation","Création de la facture"
"Automatically create invoice when payment is successfull.","Créer la facture automatiquement si le paiement a réussi et la commande est dans l'état &laquo; En cours de traitement &raquo;."
"ADDITIONAL OPTIONS","OPTIONS ADDITIONNELLES"
"Send shopping cart details","Envoyer le détail du panier"
"If you disable this option, the shopping cart details will not be sent to the gateway. Attention, in some cases, this option has to be enabled. For more information, refer to the module documentation.","Si vous désactivez cette option, le détail du panier ne sera pas envoyé à la plateforme. A noter que dans certains cas, cette option doit être activée. Reportez-vous à la documentation pour plus d'informations."
"Shipping options","Options de livraison"
"Define the PayZen information about the used shipping methods.<br /><b>Name: </b>The name of the shipping method (use 127 alphanumeric characters, accentuated characters and these special characters: space, slash, hyphen, apostrophe).<br /><b>Type: </b>The carrier type.<br /><b>Rapidity: </b>Select the delivery rapidity.<br /><b>Delay: </b>Select the delivery delay if rapidity is &laquo; Priority &raquo;.<br /><b>Entries marked with * are newly added and must be configured.</b>","Définir les informations PayZen sur les méthodes de livraison utilisées.<br /><b>Nom: </b>Le nom de la méthode livraison (utiliser 127 caractères alphanumériques, caractères accentués et les caractères spéciaux suivants: espace, slash, tiret, apostrophe).<br /><b>Type: </b>Le type de transport.<br /><b>Rapidité: </b>Sélectionner la rapidité de livraison.<br /><b>Délai: </b>Sélectionner le délai de livraison si la vitesse est &laquo; Priorité &raquo;.<br /><b>Les entrées marquées par * sont nouvelles et doivent être configurées.</b>"
"Method title","Titre de la méthode"
"Name","Nom"
"Type","Type"
"Delivery company","Compagnie de livraison"
"Reclaim in shop","Retrait en magasin"
"Relay point","Point relais"
"Reclaim in station","Retrait en station"
"Rapidity","Rapidité"
"Standard","Standard"
"Express","Express"
"Priority","Prioritaire"
"Delay","Délai"
"<= 1 hour","<= 1 heure"
"> 1 hour","> 1 heure"
"Immediate","Immediat"
"24/7","24h/24, 7j/7"
"DISPLAY OPTIONS","OPTIONS D'AFFICHAGE"
"Activation","Activation"
"Enables / disables this payment method.","Active / désactive cette méthode de paiement."
"Yes","Oui"
"No","Non"
"Sort order","Ordre d'affichage"
"In the payment methods list.","Dans la liste des moyens de paiement."
"Method title","Titre de la méthode"
"Method title to display on payment means page.","Titre de la méthode à afficher sur la page des moyens de paiement."
"Logo","Logo"
"Allowed file types: jpeg, gif, png.","Types de fichier autorisés: jpeg, gif, png."
"RESTRICTIONS","RESTRICTIONS"
"Restrict to some countries","Restreindre à certains pays"
"Buyer's billing countries in which this payment method is available.","Pays de facturation de l'acheteur dans lesquels cette méthode de paiement est disponible."
"All Allowed Countries","Tous les pays autorisés"
"Specific Countries","Certains pays"
"Authorized countries","Pays autorisés"
"Restrict to some customer groups","Restreindre à certains groupes de clients"
"Customer group","Groupe de clients"
"Minimum amount","Montant minimum"
"Maximum amount","Montant maximum"
"Define minimum and maximum amounts to activate this payment method by customer group.","Définir les montants minimum et maximum pour activer cette méthode de paiement par groupe de clients."
"ALL GROUPS","TOUS LES GROUPES"
"The number of days before the bank capture. Enter value only if different from PayZen general configuration.","Le nombre de jours avant la remise en banque. Saisir une valeur seulement si différente de la configuration PayZen générale."
"Propose FacilyPay Oney (Deprecated)","Proposer FacilyPay Oney (Déprécié)"
"Select &laquo; Yes &raquo; if you want to propose FacilyPay Oney in standard payment. Attention, you must ensure that you have a FacilyPay Oney contract.","Sélectionner &laquo; Oui &raquo; pour proposer FacilyPay Oney dans le paiement standard. Attention, vous devez vous assurer que vous avez un contrat FacilyPay Oney."
"ADVANCED OPTIONS","OPTIONS AVANCÉES"
"Card data entry mode","Mode de saisie des données de la carte"
"Select how the credit card information will be entered. Attention, to use embedded payment fields, you must ensure that you have subscribed to this option with PayZen.","Sélectionner la manière dont seront saisies les données de la carte de crédit. Attention, pour utiliser les champs de paiement embarqués, vous devez vous assurer d'avoir souscrit à cette option auprès de PayZen."
"Bank data acquisition on payment gateway","Acquisition des données sur la plateforme de paiement"
"Card type selection on merchant site","Sélection du type de carte sur le site marchand"
"Payment page integrated to checkout process (iframe mode)","Page de paiement intégrée au tunnel de commande (mode iframe)"
"Embedded payment fields on merchant site (REST API)","Champs de paiement embarqués sur le site marchand (API REST)"
"Embedded payment fields in a pop-in (REST API)","Champs de paiement embarqués dans une pop-in (API REST)"
"REST API SETTINGS","PARAMÈTRES DE L'API REST"
"EMBEDDED PAYMENT FIELDS CUSTOMIZATION","PERSONNALISATION DES CHAMPS DE PAIEMENT EMBARQUÉS"
"Theme","Thème"
"Select a theme to use to display embedded payment fields. For more customization, you can edit module template manually.","Sélectionnez un thème à utiliser pour afficher les champs de paiement embarqués. Pour plus de personnalisation, vous pouvez éditer le template du module manuellement."
"Custom fields placeholders","Placeholders personnalisés des champs"
"Field","Champ"
"Placeholder","Placeholder"
"Texts to use as placeholders for embedded payment fields.","Textes à utiliser comme placeholders pour les champs de paiement embarqués."
"Payment attempts number","Nombre de tentatives de paiement"
"Maximum number of payment retries after a failed payment (between 0 and 9). If blank, the gateway default value is 3.","Nombre maximum de tentatives de paiement après un paiement en échec (entre 0 et 9). Si vide, la valeur par défaut de la plateforme est 3."
"Payment by token","Paiement par alias"
"The payment by token allows to pay orders without re-entering bank data at each payment. The &laquo; payment by token &raquo; option should be enabled on your PayZen store to use this feature.","Le paiement par alias permet de régler une commande sans resaisir les données bancaires à chaque paiement. L'option &laquo; Paiement par alias &raquo; doit être activée sur votre boutique PayZen pour utiliser cette fonctionnalité."
"1-Click button text","Texte du bouton 1-Clic"
"The text to display on the PayZen 1-Click payment button.","Le texte à afficher sur le bouton de paiement PayZen 1-Clic."
"1-Click button location","Emplacement du bouton 1-Clic"
"Select where to display PayZen 1-Click payment button.","Choisir ou sera affiché le bouton de paiement PayZen 1-Clic."
"Product page","Page du produit"
"Cart page","Page du panier"
"Product and cart pages","Pages du panier et du produit"
"Card data registration mode","Enregistrement  des données de la carte"
"Select how you want to propose card data registration on your website.","Sélectionnez comment vous voulez proposer l'enregistrement des données de la carte sur votre site."
"Card data registration message","Message de l'enregistrement des données de la carte"
"Message displayed on your website to invite buyers to register their card data.","Message affiché sur votre site pour inviter les acheteurs à enregistrer les données de leurs cartes."
"Registration on by default","Enregistrement activé par défaut"
"Registration off by default","Enregistrement désactivé par défaut"
"Registration always on","Enregistrement toujours activé"
"ATTENTION: The payment in installments feature activation is subject to the prior agreement of Société Générale.<br />If you enable this feature while you have not the associated option, an error 10000 – INSTALLMENTS_NOT_ALLOWED or 07 - PAYMENT_CONFIG will occur and the buyer will not be able to pay.","ATTENTION: L'activation de la fonctionnalité de paiement en nfois est soumise à accord préalable de Société Générale.<br />Si vous activez cette fonctionnalité alors que vous ne disposez pas de cette option, une erreur 10000 – INSTALLMENTS_NOT_ALLOWED ou 07 - PAYMENT_CONFIG sera générée et l'acheteur sera dans l'incapacité de payer."
"Card type selection","Sélection du type de carte"
"Select where the card type will be selected by the buyer.","Sélectionner où le type de carte sera choisi par l'acheteur."
"On payment gateway","Sur la plateforme de paiement"
"On merchant site","Sur le site marchand"
"PAYMENT OPTIONS","OPTIONS DE PAIEMENT"
"Payment options","Options de paiement"
"Click on &laquo; Add &raquo; button to configure one or more payment options.<br /><b>Label: </b>The option label to display on the frontend.<br /><b>Min. amount: </b>Minimum amount to enable the payment option.<br /><b>Max. amount: </b>Maximum amount to enable the payment option.<br /><b>Contract: </b>ID of the contract to use with the option.<br /><b>Count: </b>Total number of installments.<br /><b>Period: </b>Delay (in days) between installments.<br /><b>1st installment: </b>Amount of first installment, in percentage of total amount. If empty, all installments will have the same amount.","Cliquer sur le bouton &laquo; Ajouter &raquo; pour configurer une ou plusieurs options de paiement.<br /><b>Libellé: </b>Texte décrivant l'option de paiement multiple.<br /><b>Montant min.: </b>Montant minimum pour proposer l'option.<br /><b>Montant max.: </b>Montant maximum pour proposer l'option.<br /><b>Contrat: </b>ID du contrat à utiliser avec l'option.<br /><b>Nombre: </b>Nombre total d'échéances.<br /><b>Période: </b>Délai entre deux échéances (en jours).<br /><b>1ère échéance: </b>Montant de la première échéance en pourcentage du total. Si vide, toutes les échéances auront le même montant."
"Add","Ajouter"
"Delete","Supprimer"
"Label","Libellé"
"Min. amount","Montant min."
"Max. amount","Montant max."
"Contract","Contrat"
"Count","Nombre"
"Period","Période"
"1st installment","1ère échéance"
"Gift card types","Types de cartes cadeau"
"Select the gift card types that can be used for the payment.","Sélectionner les types de carte cadeau qui pourront être utilisés pour le paiement."
"Add cards","Ajouter des cartes"
"Click on button to add one or more new gift cards.<br /><b>Card code: </b>The PayZen exact gift card code.<br /><b>Card label: </b>The label of the new gift card.<br /><b>Card logo: </b>The gift card logo to display on payment method selection page.","Cliquer sur le bouton pour ajouter une ou plusieurs nouvelles cartes cadeau.<br /><b>Code de la carte: </b>Le code PayZen de la nouvelle carte cadeau.<br /><b>Libellé de la carte: </b>Le libellé de la nouvelle carte cadeau.<br /><b>Logo de la carte: </b>Le logo de la carte cadeau à afficher sur la page de sélection des méthodes de paiement."
"Card code","Code de la carte"
"Card label","Libellé de la carte"
"Card logo","Logo de la carte"
"The number of days before the bank capture. Enter value only if different from PayZen general configuration. This setting is considered only if the buyer uses another CC to complete the payment.","Le nombre de jours avant la remise en banque. Saisir une valeur seulement si différente de la configuration PayZen générale. Ce paramètre est pris en compte seulement si l'acheteur complète le paiement avec une autre CB."
"If manual is selected, you will have to confirm payments manually in your PayZen Back Office. This setting is considered only if the buyer uses another CC to complete the payment.","En mode manuel, vous devrez confirmer les paiements dans le Back Office PayZen. Ce paramètre est pris en compte seulement si l'acheteur complète le paiement avec une autre CB."
"Enable options selection","Activer la sélection des options"
"Enable payment options selection on merchant site.","Activer la sélection des options de paiement sur le site marchand."
"Click on Add button to configure one or more payment options.<br /><b>Label: </b>The option label to display on the frontend (the %c and %r patterns will be respectively replaced by payments count and option rate).<br /><b>Code: </b>The option code as defined in your FacilyPay Oney contract.<br /><b>Min. amount: </b>Minimum amount to enable the payment option.<br /><b>Max. amount: </b>Maximum amount to enable the payment option.<br /><b>Count: </b>Total number of payments.<br /><b>Rate: </b>The interest rate in percentage.","Cliquer sur le bouton Ajouter pour configurer une ou plusieurs options de paiement.<br /><b>Libellé: </b>Texte décrivant l'option de paiement (les codes %c et %r seront remplacés respectivement par le nombre paiements et le taux d'intérêt).<br /><b>Code: </b>Le code de l'option tel que défini dans votre contrat FacilyPay Oney.<br /><b>Montant min.: </b>Montant minimum pour proposer l'option.<br /><b>Montant max.: </b>Montant maximum pour proposer l'option.<br /><b>Nombre: </b>Nombre total de paiements.<br /><b>Taux: </b>Le taux d'intérêt pour l'option."
"Click on Add button to configure one or more payment options.<br /><b>Label: </b>The option label to display on the frontend (the %c and %r patterns will be respectively replaced by payments count and option rate).<br /><b>Code: </b>The option code as defined in your Oney contract.<br /><b>Min. amount: </b>Minimum amount to enable the payment option.<br /><b>Max. amount: </b>Maximum amount to enable the payment option.<br /><b>Count: </b>Total number of payments.<br /><b>Rate: </b>The interest rate in percentage.","Cliquer sur le bouton Ajouter pour configurer une ou plusieurs options de paiement.<br /><b>Libellé: </b>Texte décrivant l'option de paiement (les codes %c et %r seront remplacés respectivement par le nombre paiements et le taux d'intérêt).<br /><b>Code: </b>Le code de l'option tel que défini dans votre contrat Oney.<br /><b>Montant min.: </b>Montant minimum pour proposer l'option.<br /><b>Montant max.: </b>Montant maximum pour proposer l'option.<br /><b>Nombre: </b>Nombre total de paiements.<br /><b>Taux: </b>Le taux d'intérêt pour l'option."
"Rate","Taux"
"Code","Code"
"Use Default","Utiliser la valeur par défaut"
"Use Website","Valeur du site web"
"Configure Choozeo payment options.","Configurer les options de paiement Choozeo."
"Configure Full CB payment options.<br /><b>Label: </b>The option label to display on the frontend.<br /><b>Min amount: </b>Minimum amount to enable the payment option.<br /><b>Max amount: </b>Maximum amount to enable the payment option.<br /><b>Rate: </b>The interest rate in percentage.<br /><b>Cap: </b>Maximum fees amount of payment option.","Configurer les options de paiement Full CB.<br /><b>Libellé: </b>Texte décrivant l'option de paiement.<br /><b>Montant min: </b>Montant minimum pour proposer l'option.<br /><b>Montant max: </b>Montant maximum pour proposer l'option.<br /><b>Taux: </b>Le taux d'intérêt pour l'option.<br /><b>Plafond: </b>Montant maximum des frais de dossier pour l'option."
"Payment in %s times","Paiement en %s fois"
"Cap","Plafond"
"SEPA direct debit mode","Mode de prélèvement SEPA"
"Select SEPA direct debit mode. Attention, the two last choices require the payment by token option on PayZen.","Sélectionner le mode de prélèvement SEPA. Attention, les deux derniers choix requièrent l'option paiement par identifiant sur PayZen."
"One-off SEPA direct debit","Prélèvement SEPA ponctuel"
"Register a recurrent SEPA mandate with direct debit","Enregistrer un mandat SEPA récurrent avec prélèvement"
"Register a recurrent SEPA mandate without direct debit","Enregistrer un mandat SEPA récurrent sans prélèvement"
"Method title to display on payment means page. Used only if &laquo; Regroup payment means &raquo; option is enabled.","Titre de la méthode à afficher sur la page des moyens de paiement. Utilisé uniquement si l'option &laquo; Regrouper les moyens de paiement &raquo; est activée."
"Allowed file types: jpeg, gif, png. Used only if &laquo; Regroup payment means &raquo; option is enabled.","Types de fichier autorisés: jpeg, gif, png. Utilisé uniquement si l'option &laquo; Regrouper les moyens de paiement &raquo; est activée."
"Regroup payment means","Regrouper les moyens de paiement"
"If this option is enabled, all the payment means added in this section will be displayed within the same payment submodule.", "Si cette option est activée, les moyens de paiement ajoutés dans cette section seront affichés dans un même sous-module de paiement."
"Payment means","Moyens de paiement"
"Countries","Pays"
"Capture delay", "Délai de remise"
"Cart data", "Données panier"
"Click on &laquo; Add &raquo; button to configure one or more payment means.<br /><b>Label: </b>The label of the means of payment to display on your site.<br /><b>Means of payment: </b>Choose the means of payment you want to propose.<br /><b>Countries: </b>Countries where the means of payment will be available. Leave blank to authorize all countries.<br /><b>Min. amount: </b>Minimum amount to enable the means of payment.<br /><b>Max. amount: </b>Maximum amount to enable the means of payment.<br /><b>Capture delay: </b>The number of days before the bank capture. Enter value only if different from PayZen general configuration.<br /><b>Validation mode: </b>If manual is selected, you will have to confirm payments manually in your PayZen Back Office.<br /><b>Cart data: </b>If you disable this option, the shopping cart details will not be sent to the gateway. Attention, in some cases, this option has to be enabled. For more information, refer to the module documentation.","Cliquer sur le bouton &laquo; Ajouter &raquo; pour configurer un ou plusieurs moyens de paiement.<br /><b>Libellé: </b>Le libellé du moyen de paiement à afficher sur votre site.<br /><b>Moyen de paiement: </b>Choisir le moyen de paiement que vous voulez proposer.<br /><b>Pays: </b>Pays où le moyen de paiement sera disponible. Laisser vide pour autoriser tous les pays.<br /><b>Montant min: </b>Montant minimum pour proposer le moyen de paiement.<br /><b>Montant max: </b>Montant maximum pour proposer le moyen de paiement.<br /><b>Délai de remise: </b>Le nombre de jours avant la remise en banque. Saisir une valeur seulement si différente de la configuration PayZen générale.<br /><b>Mode de validation: </b>En mode manuel, vous devrez confirmer les paiements dans le Back Office PayZen.<br /><b>Données panier: </b>Si vous désactivez cette option, le détail du panier ne sera pas envoyé à la plateforme. A noter que dans certains cas, cette option doit être activée. Reportez-vous à la documentation pour plus d'informations."
"Payment with %s","Paiement avec %s"

"Payment by credit card","Paiement par carte bancaire"
"Payment by credit card in installments","Paiement par carte bancaire en plusieurs fois"
"Payment by gift card","Paiement par carte cadeau"
"Payment with Choozeo without fees","Paiement avec Choozeo sans frais"
"Payment with FacilyPay Oney","Paiement FacilyPay Oney"
"Payment in 3 or 4 times Oney","Paiement en 3 ou 4 fois Oney"
"Payment with PayPal","Paiement PayPal"
"Payment with SOFORT Banking","Paiement SOFORT Banking"
"Payment with PostFinance","Paiement PostFinance"
"Payment with Giropay","Paiement Giropay"
"Payment with iDEAL","Paiement iDEAL"
"Payment with SEPA","Paiement SEPA"
"Payment with Full CB","Paiement Full CB"
"Other payment means","Autres moyens de paiement"
"Check this box to register your card data and to do payments in one click. <b>Card data will be stored on the secured server of the payment gateway.</b>","Cochez cette case pour enregistrer les données de votre carte et effectuer des paiements en un clic. <b>Les données de la carte seront enregistrées sur le serveur sécurisé de la plateforme de paiement.</b>"
"Redirection to shop in a few seconds...","Redirection vers la boutique dans quelques instants..."

"Are you sure you want to reset all PayZen configuration?","Êtes-vous sûr de vouloir réinitialiser toute la configuration PayZen?"
"The configuration of the PayZen module has been successfully reset.","La configuration du module PayZen a été réinitialisée avec succès."
"The field &laquo; %s &raquo; is invalid: please check column &laquo; %s &raquo; of the option %s in section &laquo; %s &raquo;.","Le champ &laquo; %s &raquo; est invalide: veuillez vérifier la colonne &laquo; %s &raquo; de l'option %s dans la section &laquo; %s &raquo;."
"Invalid value for field &laquo; %s &raquo; in section &laquo; %s &raquo;.","Valeur invalide pour le champ &laquo; %s &raquo; dans la section &laquo; %s &raquo;."
"The field &laquo; %s &raquo; is required for section &laquo; %s &raquo;.","Le champ &laquo; %s &raquo; est obligatoire pour la section &laquo; %s &raquo;"
"Too many card types are selected.","Trop de types de carte sont sélectionnés."
"Please configure &laquo; ADDITIONAL OPTIONS &raquo; part of &laquo; PayZen &raquo; section.","Veuillez configurer la partie &laquo; OPTIONS ADDITIONNELLES &raquo; de la section &laquo; PayZen &raquo;."
"Please enter a value for &laquo; ALL GROUPS - %s &raquo; in &laquo; %s &raquo; section as agreed with your bank.","Veuillez renseigner une valeur pour le champ &laquo; TOUS LES GROUPES - %s &raquo; dans la section &laquo; %s &raquo; tel que convenu avec votre banque."
"Customer ID &laquo; %s &raquo; does not match PayZen specifications.","L'ID client &laquo; %s &raquo; ne correspond pas aux spécifications PayZen."
"Product reference &laquo; %s &raquo; does not match PayZen specifications.","La référence produit &laquo; %s &raquo; ne correspond pas aux spécifications PayZen."
"The next order ID  &laquo; %s &raquo; does not match PayZen specifications.","L'ID pour la prochaine commande &laquo; %s &raquo; ne correspond pas aux spécifications PayZen."
"This field must agree to the regular expression %s.","Ce champ doit respecter l'expression régulière %s."
"FacilyPay Oney means of payment cannot be used.","Le moyen de paiement FacilyPay Oney ne peut pas être utilisé."
"Payment in 3 or 4 times Oney cannot be used.","Le paiement 3 ou 4 Oney ne peut pas être utilisé."
"Gift card logos cannot be uploaded. See module logs for more details.","Les logos des cartes cadeaux ne peuvent pas être téléchargés. Veuillez vérifier les logs du module pour plus de détails."
"Warning, please increase the suhosin patch for PHP post and request limits to save module configurations correctly. Recommended value is %s.","Avertissement, veuillez augmenter les limites de POST et REQUEST dans le patch suhosin de PHP pour enregistrer correctement la configuration du module. La valeur recommandée est %s."
"Warning, please increase the value of the max_input_vars directive in php.ini to save module configurations correctly. Recommended value is %s.","Avertissement, veuillez augmenter la valeur de la directive max_input_vars dans php.ini pour enregistrer correctement les configurations du module. La valeur recommandée est %s."
"Use 127 alphanumeric characters, accentuated characters and these special characters: space, slash, hyphen, apostrophe.","Utiliser 127 caractères alphanumériques, caractères accentués et les caractères spéciaux suivants: espace, slash, tiret, apostrophe."

"Payment Method","Méthode de paiement"
"Sequence Number","Numéro de séquence"
"Transaction Type","Type de transaction"
"Amount","Montant"
"Transaction ID","Numéro de transaction"
"Transaction UUID","UUID de transaction"
"Extra Transaction ID","Référence externe"
"Transaction Status","Statut de la transaction"
"Means of Payment","Moyen de paiement"
"(card brand chosen by buyer)","(marque de carte choisie par l'acheteur)"
"(default card brand used)","(marque de carte par défaut utilisée)"
"Card Number","Numéro de carte"
"Expiration Date","Date d'expiration"
"3DS Authentication","Authentification 3DS"
"3DS Certificate","Certificat 3DS"
"Authentication Type","Type de l'authentification"
"Fraud Control Result","Résultat des contrôles de fraude"
"Advanced Risk Assessment Result","Résultat de la gestion des risques avancée"

"Authentication error !","Erreur d'authentification !"
"You are not authorized to do this action online. Please, consider updating the payment in PayZen Back Office.","Vous n'êtes pas authorisé à faire cette action en ligne. Pensez à mettre à jour le paiement dans le Back Office PayZen."
"SOAP extension for PHP must be enabled on the server in order to use PayZen web services.","L'extension SOAP pour PHP doit être activée sur le serveur pour pouvoir utiliser les services web PayZen."
"OPENSSL extension for PHP must be enabled on the server in order to use PayZen web services.","L'extension OPENSSL pour PHP doit être activée sur le serveur pour pouvoir utiliser les services web PayZen."
"Please correct this error to use PayZen web services.","Veuillez corriger cette erreur pour utiliser les services web PayZen."
"Please correct error to refund payments through PayZen. If you want to refund order in Magento, use the &laquo; Refund Offline &raquo; button.","Veuillez corriger l'erreur pour rembourser les paiements à travers PayZen. Si vous souhaitez rembourser la commande dans Magento, utilisez le bouton &laquo; Remboursement hors ligne &raquo;."
"Chargebacks cannot be refunded.","Il est impossible de rembourser une transaction impayée."
"Are you sure you want to validate this order in PayZen gateway?","Êtes-vous sûr de vouloir valider cette commande sur la plateforme PayZen?"
"Validate payment","Valider le paiement"
"Payment Review","Vérification du paiement"
"To validate payment","Paiement à valider"
"Payment validated successfully.","Paiement validé avec succès."
"Transaction %s has been validated.","La transaction %s a été validée."
"Pending funds transfer","En attente du transfert de fonds"
"Please consult the PayZen logs for more details.","Veuillez consulter les logs de PayZen pour plus de détails."

"You will enter payment data after order confirmation.","Vous allez saisir les informations de paiement après confirmation de la commande."
"Choose your payment option","Choisissez votre option de paiement"
"Payment option","Option de paiement"
"Means of payment","Moyen de paiement"
"Choose your means of payment","Choisissez votre moyen de paiement"
"Please do not refresh the page until you complete payment."," Merci de ne pas rafraîchir la page jusqu'à la fin du paiement."
"Please wait a moment. This page will transfer your data to PayZen payment gateway in a few seconds.","Veuillez patienter SVP, vous allez être redirigé(e) vers la plateforme de paiement PayZen dans quelques secondes."
"If nothing happens in 10 seconds, click the button below.","Si rien ne se passe dans 10 secondes, cliquez sur le bouton ci-dessous."
"Please wait a moment. Your order payment is now processing.","Veuillez patienter SVP. Le paiement de votre commande est en cours."
"Send","Envoyer"
"Order not found in session.","Commande non trouvé en session."
"Order total is empty.","Le montant de la commande est nul."
"Order payment already processed.","Le paiement est déjà traité pour cette commande."
"Client sent to PayZen gateway.","Client envoyé vers la plateforme PayZen."
"Email","E-mail"
"First Name","Prénom"
"Last Name","Nom"
"Civility","Civilité"
"Address","Adresse"
"Postcode","Code postal"
"City","Ville"
"Country","Pays"
"Telephone","Téléphone"
"The field %s is required for this means of payment.","Le champ %s est obligatoire pour ce moyen de paiement."
"The fields %s are required for this means of payment.","Les champs %s sont obligatoires pour ce moyen de paiement."
"billing address","adresse de facturation"
"delivery address","addresse de livraison"
"The field %s of your %s is invalid.","Le champ %s de votre %s est invalide."
"The field %s of your %s is mandatory.","Le champ %s de votre %s est obligatoire."
"Shipping Address","Addresse de livraison"
"Shipping Method","Méthode de livraison"
"Sorry, no quotes are available for this product configuration.","Aucun mode de livraison n'est disponible pour le produit avec ces options."
"Sorry, no quotes are available for this order at this time.","Aucun mode de livraison n'est disponible pour votre adresse."
"Cannot pay requested product with &laquo; PayZen Buy now &raquo;.","Vous ne pouvez pas payer le produit demandé avec &laquo; PayZen Achetez maintenant &raquo;."
"Some of the products you requested are unavailable.","Certains produits demandés ne sont plus disponibles."
"Some of the products you requested are not available in the desired quantity.","Certains produits ne sont pas disponibles dans les quantités demandées."
"-- Please Select --","-- Sélectionner --"
"Incl. Tax","TTC"
"Buy now","Acheter maintenant"
"CVV","CVV"
"Help?","Aide?"
"OR","OU"
"Click here to pay with your registered means of payment.","Cliquez ici pour payer avec votre moyen de paiement enregistré."
"You will pay with your stored means of payment %s","Vous allez payer avec votre moyen de paiement enregistré %s"
"Are you sure you want to delete your saved means of payment? This action is not reversible!","Voulez-vous vraiment supprimer votre moyen de paiement enregistré? Cette action n'est pas réversible!"
"manage your payment means","gérez vos moyens de paiement"
"My payment means","Mes moyens de paiement"
"You have no stored payment means.","Vous n'avez aucun moyen de paiement enregistré."
"The stored means of payment was successfully deleted.","Le moyen de paiement enregistré a été supprimé avec succès."
"The stored means of payment could not be deleted.","Le moyen de paiement enregistré n'a pas pu être supprimé."
"Click here to pay with another means of payment.","Cliquez ici pour payer avec un autre moyen de paiement."
"Incorrect credit card number.","Numéro de carte de crédit incorrect."
"Incorrect credit card CVV.","CVV de la carte incorrect."
"Incorrect credit card expiration date.","Date d'expiration de la carte incorrecte."
"Your order total:","Montant de votre commande:"
"Debit dates","Dates de prélèvement"
"Contribution:","Apport de:"
"Followed by %s installments","Suivi de %s mensualités"
"Installment %s:","Mensualité %s:"
"Total cost of credit:","Coût total du crédit:"
"Funding of %s with a fixed APR of %s %%.","Financement de %s au TAEG fixe de %s %%."
"Order amount:","Montant commande:"
"Installments","Echéancier"
"Fees:","Frais de dossier:"
"Total amount:","Montant total:"

"<b>GOING INTO PRODUCTION:</b> You want to know how to put your shop into production mode, please read chapters &laquo; Proceeding to test phase &raquo; and &laquo; Shifting the shop to production mode &raquo; in the documentation of the module."," <b>PASSAGE EN PRODUCTION:</b> Vous souhaitez savoir comment passer votre boutique en production, merci de consulter les chapitres &laquo; Procéder à la phase des tests &raquo; et &laquo; Passage d'une boutique en mode production &raquo; de la documentation du module."
"The shop is in maintenance mode.The automatic notification cannot work.","La boutique est en mode maintenance. La validation automatique ne peut fonctionner."
"The automatic validation has not worked. Have you correctly set up the notification URL in your PayZen Back Office?","La commande a été validée mais la confirmation automatique n'a pas fonctionné. Avez-vous correctement configuré l'URL de notification dans le Back Office PayZen?"
"For understanding the problem, please read the documentation of the module:<br />&nbsp;&nbsp;&nbsp;- Chapter &laquo; To read carefully before going further &raquo;<br />&nbsp;&nbsp;&nbsp;- Chapter &laquo; Notification URL settings &raquo;","Afin de comprendre la problématique, reportez vous à la documentation du module:<br />&nbsp;&nbsp;&nbsp;- Chapitre &laquo; A lire attentivement avant d'aller loin &raquo;<br />&nbsp;&nbsp;&nbsp;- Chapitre &laquo; Paramétrage de l'URL de notification &raquo;"
"Invoice %s was created.","La facture %s a bien été créée."
"Transaction %s was created.","La transaction %s a bien été créée."
"Transaction %s was updated.","La transaction %s a été mise à jour."
"Your payment was not accepted. Please, try to re-order.","Votre paiement n'a pas été accepté. Veuillez repasser votre commande."
"The payment was successful. Your order was registered successfully.","Le paiement a réussi. Votre commande est enregistrée avec succès."
"An error has occurred during the payment process.","Une erreur est survenue durant le processus de paiement."
"Payment cancelled.","Paiement annulé."
"< Cancel and return to payment choice","< Annuler et retourner au choix du paiement"

"Error occurred when refunding payment for order #%s. Unexpected transaction status: %s.","Une erreur est survenue lors du remboursement la commande #%s. Statut de transaction inattendu: %s."
"Cannot refund payment for order #%s. Transaction amount (%s %s) is less than requested refund amount (%s %s).","Impossible de rembourser la commande #%s. Le montant de la transaction (%s %s) est inférieur au montant du remboursement demandé (%s %s)."
"Unexpected transaction type received (%s).","Type de transaction inattendu reçu (%s)."

"Payment is cancelled only in Magento. Please, consider cancelling the payment in PayZen Back Office.","Le paiement est annulé uniquement dans Magento. Pensez à annuler le paiement dans le Back Office PayZen."
"Payment is validated only in Magento. Please, consider validating the payment in PayZen Back Office.","Le paiement est validé uniquement dans Magento. Pensez à valider le paiement dans le Back Office PayZen."
"Order %s has been validated.","La commande %s a été validée."
